,Route,Location,URL,Avg Stars,Your Stars,Route Type,Rating,Pitches,Length,Area Latitude,Area Longitude
0,Dreamscape,Sun Wall > Sand Rock > Alabama,https://www.mountainproject.com/route/105979968/dreamscape,3.8,-1,Sport,5.11c,1,75.0,34.180409999999995,-85.81555
1,Comfortably Numb,The Pinnacle > Sand Rock > Alabama,https://www.mountainproject.com/route/105905196/comfortably-numb,3.6,-1,"Trad, TR",5.9,1,120.0,34.17948,-85.81775
2,Misty,Sun Wall > Sand Rock > Alabama,https://www.mountainproject.com/route/105905421/misty,3.6,-1,Sport,5.10b/c,1,90.0,34.180409999999995,-85.81555
3,Oyster,Holiday Block > Sand Rock > Alabama,https://www.mountainproject.com/route/105926850/oyster,3.1,-1,Sport,5.10a,1,80.0,34.17961,-85.8179
4,Pigs in Zen (Tuesday's Gone),Holiday Block > Sand Rock > Alabama,https://www.mountainproject.com/route/105930746/pigs-in-zen-tuesdays-gone,3.0,-1,Sport,5.10d,1,70.0,34.17961,-85.8179
5,Cinco de Mayo,Holiday Block > Sand Rock > Alabama,https://www.mountainproject.com/route/106311736/cinco-de-mayo,2.9,-1,Sport,5.10c/d,1,40.0,34.17961,-85.8179
6,Knob Wall,Sun Wall > Sand Rock > Alabama,https://www.mountainproject.com/route/105927952/knob-wall,2.8,-1,Trad,5.6,1,80.0,34.180409999999995,-85.81555
7,That Eight (aka Kennel Club),Holiday Block > Sand Rock > Alabama,https://www.mountainproject.com/route/105915410/that-eight-aka-kennel-club,2.8,-1,Sport,5.8,1,60.0,34.17961,-85.8179
8,Too Pumped Chump,The Flintstone > Sand Rock > Alabama,https://www.mountainproject.com/route/105962664/too-pumped-chump,2.7,-1,Sport,5.10b,1,40.0,34.17889,-85.81983000000001
9,My Dog Has Fleas,Holiday Block > Sand Rock > Alabama,https://www.mountainproject.com/route/105915399/my-dog-has-fleas,2.5,-1,Sport,5.9-,1,60.0,34.17961,-85.8179
10,Rabies,Holiday Block > Sand Rock > Alabama,https://www.mountainproject.com/route/105930750/rabies,2.7,-1,Sport,5.11a,1,75.0,34.17961,-85.8179
11,Six Toes,Jaws Block/West Side Rock > Sand Rock > Alabama,https://www.mountainproject.com/route/105978873/six-toes,2.5,-1,Sport,5.10a,1,30.0,34.1799,-85.81751
12,Price is Right,The Hole > Sand Rock > Alabama,https://www.mountainproject.com/route/106311388/price-is-right,3.1,-1,Sport,5.11a PG13,1,35.0,34.18035,-85.81478
13,Captain Ron,New Wall (AKA Kurt Russell Block) > Sand Rock > Alabama,https://www.mountainproject.com/route/108009978/captain-ron,2.5,-1,Sport,5.8,1,35.0,34.180690000000006,-85.81316
14,Standard Route,The Pinnacle > Sand Rock > Alabama,https://www.mountainproject.com/route/105905391/standard-route,2.3,-1,Trad,5.6,1,80.0,34.17948,-85.81775
15,Thin in the Middle,Jaws Block/West Side Rock > Sand Rock > Alabama,https://www.mountainproject.com/route/106098693/thin-in-the-middle,2.6,-1,Sport,5.10c/d,1,30.0,34.1799,-85.81751
16,Heave Ho,Jaws Block/West Side Rock > Sand Rock > Alabama,https://www.mountainproject.com/route/106102019/heave-ho,2.8,-1,Sport,5.11a,1,30.0,34.1799,-85.81751
17,Walking the Dog,Holiday Block > Sand Rock > Alabama,https://www.mountainproject.com/route/106101126/walking-the-dog,2.5,-1,Trad,5.9-,1,60.0,34.17961,-85.8179
18,Jaws,Jaws Block/West Side Rock > Sand Rock > Alabama,https://www.mountainproject.com/route/105943764/jaws,3.2,-1,"Trad, TR",5.9+,1,27.0,34.1799,-85.81751
19,Never Believe,Holiday Block > Sand Rock > Alabama,https://www.mountainproject.com/route/106102075/never-believe,3.3,-1,Sport,5.11b,1,45.0,34.17961,-85.8179
20,Gravy Train,Holiday Block > Sand Rock > Alabama,https://www.mountainproject.com/route/105961944/gravy-train,3.3,-1,Trad,5.10a,1,75.0,34.17961,-85.8179
21,Popular Science (Golden Flake),Sun Wall > Sand Rock > Alabama,https://www.mountainproject.com/route/106098687/popular-science-golden-flake,3.0,-1,"Trad, TR",5.9+,1,60.0,34.180409999999995,-85.81555
22,Lichen This,Sun Wall > Sand Rock > Alabama,https://www.mountainproject.com/route/106105961/lichen-this,2.5,-1,Sport,5.9,1,40.0,34.180409999999995,-85.81555
23,White Gold,Sun Wall > Sand Rock > Alabama,https://www.mountainproject.com/route/105979251/white-gold,3.0,-1,Trad,5.9+,1,80.0,34.180409999999995,-85.81555
24,Big Trouble in Little China,New Wall (AKA Kurt Russell Block) > Sand Rock > Alabama,https://www.mountainproject.com/route/108060175/big-trouble-in-little-china,2.4,-1,Sport,5.10-,1,30.0,34.180690000000006,-85.81316
25,Eight In The Hole,The Hole > Sand Rock > Alabama,https://www.mountainproject.com/route/107057599/eight-in-the-hole,2.0,-1,Sport,5.8-,1,40.0,34.18035,-85.81478
26,Shrimp Dude,The Islands > Sand Rock > Alabama,https://www.mountainproject.com/route/107645399/shrimp-dude,2.9,-1,Sport,5.10a,1,60.0,34.1792,-85.81933000000001
27,Tarzan,Sun Wall > Sand Rock > Alabama,https://www.mountainproject.com/route/106938647/tarzan,2.2,-1,Sport,5.10-,1,40.0,34.180409999999995,-85.81555
28,Pump Handles,Holiday Block > Sand Rock > Alabama,https://www.mountainproject.com/route/105930757/pump-handles,2.6,-1,Trad,5.9,1,60.0,34.17961,-85.8179
29,Backdraft,New Wall (AKA Kurt Russell Block) > Sand Rock > Alabama,https://www.mountainproject.com/route/108419758/backdraft,2.2,-1,Sport,5.9,1,35.0,34.180690000000006,-85.81316
30,Sneakers,Sun Wall > Sand Rock > Alabama,https://www.mountainproject.com/route/105927902/sneakers,2.5,-1,Sport,5.10a,1,60.0,34.180409999999995,-85.81555
31,Buckwheat,The Hole > Sand Rock > Alabama,https://www.mountainproject.com/route/106011946/buckwheat,2.9,-1,Sport,5.11b,1,40.0,34.18035,-85.81478
32,Disneyland,Sun Wall > Sand Rock > Alabama,https://www.mountainproject.com/route/106617924/disneyland,3.0,-1,Sport,5.10d,1,80.0,34.180409999999995,-85.81555
33,Windows,Sun Wall > Sand Rock > Alabama,https://www.mountainproject.com/route/106098680/windows,2.5,-1,"Trad, TR",5.8+,1,60.0,34.180409999999995,-85.81555
34,Pin Chimney,The Pinnacle > Sand Rock > Alabama,https://www.mountainproject.com/route/105905203/pin-chimney,2.7,-1,Trad,5.8+,1,100.0,34.17948,-85.81775
35,Overboard,New Wall (AKA Kurt Russell Block) > Sand Rock > Alabama,https://www.mountainproject.com/route/108596731/overboard,2.8,-1,Sport,5.10b/c,1,30.0,34.180690000000006,-85.81316
36,fat boy,New Wall (AKA Kurt Russell Block) > Sand Rock > Alabama,https://www.mountainproject.com/route/108009884/fat-boy,2.1,-1,Sport,5.8,1,30.0,34.180690000000006,-85.81316
37,Vicious,The Hole > Sand Rock > Alabama,https://www.mountainproject.com/route/106108712/vicious,3.9,-1,Sport,5.12c,1,35.0,34.18035,-85.81478
38,Midget Digits,Sun Wall > Sand Rock > Alabama,https://www.mountainproject.com/route/106105639/midget-digits,2.8,-1,Sport,5.11b,1,70.0,34.180409999999995,-85.81555
39,Julory,The Islands > Sand Rock > Alabama,https://www.mountainproject.com/route/106851052/julory,2.1,-1,Sport,5.8+,1,30.0,34.1792,-85.81933000000001
40,Loosy Goosy,The Pinnacle > Sand Rock > Alabama,https://www.mountainproject.com/route/106242721/loosy-goosy,2.9,-1,Trad,5.8+,1,80.0,34.17948,-85.81775
41,Jugs,New Wall (AKA Kurt Russell Block) > Sand Rock > Alabama,https://www.mountainproject.com/route/108419245/jugs,2.0,-1,Sport,5.9-,1,30.0,34.180690000000006,-85.81316
42,First Black In Office,Grotto > Sand Rock > Alabama,https://www.mountainproject.com/route/106940954/first-black-in-office,2.1,-1,Sport,5.9,1,40.0,34.18027,-85.81621
43,Just Sevens and Eights,New Wall (AKA Kurt Russell Block) > Sand Rock > Alabama,https://www.mountainproject.com/route/111656608/just-sevens-and-eights,2.0,-1,Sport,5.7+,1,30.0,34.180690000000006,-85.81316
44,Don't need no names,New Wall (AKA Kurt Russell Block) > Sand Rock > Alabama,https://www.mountainproject.com/route/111656549/dont-need-no-names,1.8,-1,Sport,5.7,1,35.0,34.180690000000006,-85.81316
45,Muffins are Burning,Sun Wall > Sand Rock > Alabama,https://www.mountainproject.com/route/106494055/muffins-are-burning,2.3,-1,Sport,5.10c,1,30.0,34.180409999999995,-85.81555
46,Fat Tuesday,Holiday Block > Sand Rock > Alabama,https://www.mountainproject.com/route/112254877/fat-tuesday,4.0,-1,"Trad, TR",5.12a X,1,50.0,34.17961,-85.8179
47,The Thing,New Wall (AKA Kurt Russell Block) > Sand Rock > Alabama,https://www.mountainproject.com/route/108009912/the-thing,1.9,-1,Sport,5.8-,1,35.0,34.180690000000006,-85.81316
48,Toxic,Turtle Rock > Sand Rock > Alabama,https://www.mountainproject.com/route/106136498/toxic,4.0,-1,Sport,5.12d,1,35.0,34.1804,-85.81700000000001
49,Pebbles,New Wall (AKA Kurt Russell Block) > Sand Rock > Alabama,https://www.mountainproject.com/route/108009807/pebbles,2.2,-1,Sport,5.10a,1,30.0,34.180690000000006,-85.81316
50,Dreamworld,Sun Wall > Sand Rock > Alabama,https://www.mountainproject.com/route/110686750/dreamworld,3.8,-1,Sport,5.12c/d,1,75.0,34.180409999999995,-85.81555
51,unkown 8,New Wall (AKA Kurt Russell Block) > Sand Rock > Alabama,https://www.mountainproject.com/route/108009733/unkown-8,2.4,-1,Sport,5.10b/c,1,30.0,34.180690000000006,-85.81316
52,Rave,Sun Wall > Sand Rock > Alabama,https://www.mountainproject.com/route/110641236/rave,3.2,-1,Sport,5.12a,1,60.0,34.180409999999995,-85.81555
53,Twinkle Toes,Turtle Rock > Sand Rock > Alabama,https://www.mountainproject.com/route/106136561/twinkle-toes,3.4,-1,Sport,5.11c,1,35.0,34.1804,-85.81700000000001
54,Groundhog,New Wall (AKA Kurt Russell Block) > Sand Rock > Alabama,https://www.mountainproject.com/route/108009965/groundhog,2.3,-1,Sport,5.11c,1,35.0,34.180690000000006,-85.81316
55,Klingon,Turtle Rock > Sand Rock > Alabama,https://www.mountainproject.com/route/106302950/klingon,3.4,-1,Sport,5.11d,1,,34.1804,-85.81700000000001
56,R.I.P.,The Islands > Sand Rock > Alabama,https://www.mountainproject.com/route/107294419/rip,2.7,-1,Sport,5.11a,1,60.0,34.1792,-85.81933000000001
57,Super Grover,Sun Wall > Sand Rock > Alabama,https://www.mountainproject.com/route/106102097/super-grover,2.9,-1,Sport,5.11d,1,50.0,34.180409999999995,-85.81555
58,Somethingness,Sun Wall > Sand Rock > Alabama,https://www.mountainproject.com/route/117996744/somethingness,3.1,-1,Sport,5.9 PG13,1,50.0,34.180409999999995,-85.81555
59,Pressure Sensitive,Sun Wall > Sand Rock > Alabama,https://www.mountainproject.com/route/106105648/pressure-sensitive,3.0,-1,Sport,5.11c,1,70.0,34.180409999999995,-85.81555
60,Wall of Horns,Sun Wall > Sand Rock > Alabama,https://www.mountainproject.com/route/106795772/wall-of-horns,2.7,-1,TR,5.10b/c R,1,70.0,34.180409999999995,-85.81555
61,Shut Out!,Jaws Block/West Side Rock > Sand Rock > Alabama,https://www.mountainproject.com/route/105943768/shut-out,2.3,-1,Sport,5.10+,1,45.0,34.1799,-85.81751
62,Nothingness,Sun Wall > Sand Rock > Alabama,https://www.mountainproject.com/route/106136553/nothingness,3.3,-1,Sport,5.12b/c PG13,1,50.0,34.180409999999995,-85.81555
63,Blinded By Science,Sun Wall > Sand Rock > Alabama,https://www.mountainproject.com/route/116143195/blinded-by-science,3.5,-1,"Trad, TR",5.12a R,1,50.0,34.180409999999995,-85.81555
64,Ascension,Grotto > Sand Rock > Alabama,https://www.mountainproject.com/route/106302991/ascension,2.5,-1,Sport,5.11b/c,1,,34.18027,-85.81621
65,Sandburger,The Sandtrap > Sand Rock > Alabama,https://www.mountainproject.com/route/107305261/sandburger,3.0,-1,Trad,5.10-,1,70.0,34.1804,-85.81700000000001
66,Picnic,The Hole > Sand Rock > Alabama,https://www.mountainproject.com/route/106853180/picnic,2.6,-1,Sport,5.11b,1,35.0,34.18035,-85.81478
67,Crack a Smile,The Pinnacle > Sand Rock > Alabama,https://www.mountainproject.com/route/105978989/crack-a-smile,2.3,-1,Trad,5.8-,1,80.0,34.17948,-85.81775
68,Toxic Masculinity,Turtle Rock > Sand Rock > Alabama,https://www.mountainproject.com/route/116647759/toxic-masculinity,3.3,-1,Sport,5.12a/b,1,35.0,34.1804,-85.81700000000001
69,Tales From the Hard Side,Holiday Block > Sand Rock > Alabama,https://www.mountainproject.com/route/106301622/tales-from-the-hard-side,2.8,-1,Sport,5.11d,1,40.0,34.17961,-85.8179
70,Overhanging Jamcrack,Sun Wall > Sand Rock > Alabama,https://www.mountainproject.com/route/114951268/overhanging-jamcrack,3.2,-1,Trad,5.9+,1,60.0,34.180409999999995,-85.81555
71,Pebble Power,Turtle Rock > Sand Rock > Alabama,https://www.mountainproject.com/route/105927915/pebble-power,2.9,-1,Trad,5.8+,1,70.0,34.1804,-85.81700000000001
72,Champagne Jam,Grotto > Sand Rock > Alabama,https://www.mountainproject.com/route/106302969/champagne-jam,3.3,-1,Trad,5.12c/d,1,,34.18027,-85.81621
73,Crimps Ahoy,Grotto > Sand Rock > Alabama,https://www.mountainproject.com/route/112165332/crimps-ahoy,3.2,-1,Sport,5.12b,1,35.0,34.18027,-85.81621
74,They Call Me Cruiser,Holiday Block > Sand Rock > Alabama,https://www.mountainproject.com/route/106972156/they-call-me-cruiser,2.8,-1,Trad,5.10b,1,40.0,34.17961,-85.8179
75,Three's Company,Grotto > Sand Rock > Alabama,https://www.mountainproject.com/route/106940970/threes-company,2.4,-1,Sport,5.10c,1,40.0,34.18027,-85.81621
76,How's Your Love Life?,Sun Wall > Sand Rock > Alabama,https://www.mountainproject.com/route/112161319/hows-your-love-life,3.0,-1,"Sport, TR",5.11c,1,40.0,34.180409999999995,-85.81555
77,Thin's Evil Twin,The Islands > Sand Rock > Alabama,https://www.mountainproject.com/route/106635366/thins-evil-twin,2.7,-1,Sport,5.11c,1,30.0,34.1792,-85.81933000000001
78,Cruise This,Holiday Block > Sand Rock > Alabama,https://www.mountainproject.com/route/106136524/cruise-this,2.4,-1,Sport,5.12a,1,38.0,34.17961,-85.8179
79,Whammy,Sun Wall > Sand Rock > Alabama,https://www.mountainproject.com/route/110052460/whammy,3.0,-1,Sport,5.12b,1,70.0,34.180409999999995,-85.81555
80,Bocephus,Sun Wall > Sand Rock > Alabama,https://www.mountainproject.com/route/108164453/bocephus,2.9,-1,Sport,5.11d,1,,34.180409999999995,-85.81555
81,Mud Wall,Grotto > Sand Rock > Alabama,https://www.mountainproject.com/route/106302983/mud-wall,2.6,-1,Sport,5.12d,1,,34.18027,-85.81621
82,Sand Jocks,The Sandtrap > Sand Rock > Alabama,https://www.mountainproject.com/route/106209512/sand-jocks,3.0,-1,Trad,5.10a,1,80.0,34.1804,-85.81700000000001
83,Faith,Turtle Rock > Sand Rock > Alabama,https://www.mountainproject.com/route/105927932/faith,2.4,-1,Trad,5.8,1,80.0,34.1804,-85.81700000000001
84,Johnny Five,New Wall (AKA Kurt Russell Block) > Sand Rock > Alabama,https://www.mountainproject.com/route/111694006/johnny-five,2.5,-1,Sport,5.10b,1,35.0,34.180690000000006,-85.81316
85,OSG (Old Safety Guy),Jaws Block/West Side Rock > Sand Rock > Alabama,https://www.mountainproject.com/route/117855126/osg-old-safety-guy,3.0,-1,"Trad, TR",5.7,1,35.0,34.1799,-85.81751
86,Thin's Bottom Bitch,The Islands > Sand Rock > Alabama,https://www.mountainproject.com/route/107575056/thins-bottom-bitch,1.8,-1,Sport,5.8,1,20.0,34.1792,-85.81933000000001
87,A Little Help From My Friends,Jaws Block/West Side Rock > Sand Rock > Alabama,https://www.mountainproject.com/route/106313913/a-little-help-from-my-friends,2.8,-1,Trad,5.10c/d,1,30.0,34.1799,-85.81751
88,Pygmy,Turtle Rock > Sand Rock > Alabama,https://www.mountainproject.com/route/106136567/pygmy,3.0,-1,Sport,5.12a/b,1,30.0,34.1804,-85.81700000000001
89,Sloth,Turtle Rock > Sand Rock > Alabama,https://www.mountainproject.com/route/106302924/sloth,2.8,-1,Sport,5.11c,1,,34.1804,-85.81700000000001
90,Metamorphosis,Turtle Rock > Sand Rock > Alabama,https://www.mountainproject.com/route/106107677/metamorphosis,2.8,-1,Sport,5.11c/d,1,60.0,34.1804,-85.81700000000001
91,Unknown Offwidth,Boy Scout Wall > Sand Rock > Alabama,https://www.mountainproject.com/route/117813076/unknown-offwidth,3.0,-1,"Trad, TR",5.10b/c R,1,30.0,34.17985,-85.81742
92,Pin Chimney Direct,The Pinnacle > Sand Rock > Alabama,https://www.mountainproject.com/route/106063324/pin-chimney-direct,2.7,-1,Trad,5.10b/c,1,,34.17948,-85.81775
93,Dream Crusher,Sun Wall > Sand Rock > Alabama,https://www.mountainproject.com/route/110657537/dream-crusher,3.0,-1,Sport,5.12d,1,40.0,34.180409999999995,-85.81555
94,Moe,Sun Wall > Sand Rock > Alabama,https://www.mountainproject.com/route/106722724/moe,2.6,-1,"Trad, TR",5.9+,1,70.0,34.180409999999995,-85.81555
95,Silent Lucidity,Sun Wall > Sand Rock > Alabama,https://www.mountainproject.com/route/107813756/silent-lucidity,2.5,-1,Sport,5.12a,1,,34.180409999999995,-85.81555
96,Kitty Litter,Jaws Block/West Side Rock > Sand Rock > Alabama,https://www.mountainproject.com/route/105978858/kitty-litter,2.0,-1,Trad,5.8-,1,60.0,34.1799,-85.81751
97,Plush,Holiday Block > Sand Rock > Alabama,https://www.mountainproject.com/route/105943103/plush,2.5,-1,Sport,5.12a,1,75.0,34.17961,-85.8179
98,Cease Fire,Turtle Rock > Sand Rock > Alabama,https://www.mountainproject.com/route/106104476/cease-fire,3.0,-1,Trad,5.11b/c R,1,45.0,34.1804,-85.81700000000001
99,Antidote,Turtle Rock > Sand Rock > Alabama,https://www.mountainproject.com/route/106119226/antidote,3.0,-1,Sport,5.12b,1,35.0,34.1804,-85.81700000000001
100,Larry,Sun Wall > Sand Rock > Alabama,https://www.mountainproject.com/route/106722702/larry,2.7,-1,"Trad, TR",5.8,1,70.0,34.180409999999995,-85.81555
101,Silence Between the Violence,Grotto > Sand Rock > Alabama,https://www.mountainproject.com/route/118127772/silence-between-the-violence,3.0,-1,Sport,5.13d,1,60.0,34.18027,-85.81621
102,Land of Silk and Money,Sun Wall > Sand Rock > Alabama,https://www.mountainproject.com/route/108079200/land-of-silk-and-money,2.7,-1,Sport,5.12a,1,50.0,34.180409999999995,-85.81555
103,Chip Off The Ol' Block,The Basement > Sand Rock > Alabama,https://www.mountainproject.com/route/118805961/chip-off-the-ol-block,3.0,-1,Trad,5.12+ PG13,1,35.0,34.1804,-85.81700000000001
104,sweet home boltabama,The Pinnacle > Sand Rock > Alabama,https://www.mountainproject.com/route/113878151/sweet-home-boltabama,3.0,-1,Trad,5.11a,1,75.0,34.17948,-85.81775
105,O.M.I.,Jaws Block/West Side Rock > Sand Rock > Alabama,https://www.mountainproject.com/route/111216631/omi,3.0,-1,Trad,5.10a,1,40.0,34.1799,-85.81751
106,Little Bastard,The Islands > Sand Rock > Alabama,https://www.mountainproject.com/route/111606811/little-bastard,3.0,-1,Sport,5.12a,1,80.0,34.1792,-85.81933000000001
107,Lip Service,Sun Wall > Sand Rock > Alabama,https://www.mountainproject.com/route/106108717/lip-service,3.0,-1,Sport,5.12b,1,75.0,34.180409999999995,-85.81555
108,Eagle Scout Project,Boy Scout Wall > Sand Rock > Alabama,https://www.mountainproject.com/route/116831836/eagle-scout-project,2.7,-1,"Trad, TR",5.7,1,35.0,34.17985,-85.81742
109,Geraldine,Sun Wall > Sand Rock > Alabama,https://www.mountainproject.com/route/116620678/geraldine,2.8,-1,Sport,5.11b/c,1,80.0,34.180409999999995,-85.81555
110,Mark's Menace,Holiday Block > Sand Rock > Alabama,https://www.mountainproject.com/route/106101149/marks-menace,2.3,-1,Trad,5.8+,1,60.0,34.17961,-85.8179
111,First Black in Space,Sun Wall > Sand Rock > Alabama,https://www.mountainproject.com/route/112812654/first-black-in-space,2.6,-1,"Trad, TR",5.8+,1,50.0,34.180409999999995,-85.81555
112,Climbing Merit Badge,Boy Scout Wall > Sand Rock > Alabama,https://www.mountainproject.com/route/116831757/climbing-merit-badge,2.5,-1,"Trad, TR",5.6,1,35.0,34.17985,-85.81742
113,Valentine's Day Massacre,Grotto > Sand Rock > Alabama,https://www.mountainproject.com/route/110429418/valentines-day-massacre,2.5,-1,Sport,5.13a,1,30.0,34.18027,-85.81621
114,Bird in Hand,Holiday Block > Sand Rock > Alabama,https://www.mountainproject.com/route/112907812/bird-in-hand,2.4,-1,Trad,5.8,1,70.0,34.17961,-85.8179
115,Neckerchief?,Boy Scout Wall > Sand Rock > Alabama,https://www.mountainproject.com/route/116831965/neckerchief,2.7,-1,"Trad, TR",5.8 PG13,1,35.0,34.17985,-85.81742
116,Fever Pitch,Grotto > Sand Rock > Alabama,https://www.mountainproject.com/route/116206969/fever-pitch,2.7,-1,Trad,5.8,1,30.0,34.18027,-85.81621
117,Flies in the Vaseline,The Islands > Sand Rock > Alabama,https://www.mountainproject.com/route/111607029/flies-in-the-vaseline,2.7,-1,Sport,5.11a/b,1,,34.1792,-85.81933000000001
118,Bull Ant (Champagne Jam Direct Start),Grotto > Sand Rock > Alabama,https://www.mountainproject.com/route/106302974/bull-ant-champagne-jam-direct-start,2.7,-1,Trad,5.11c/d,1,,34.18027,-85.81621
119,Fierce,Grotto > Sand Rock > Alabama,https://www.mountainproject.com/route/106302987/fierce,2.7,-1,Sport,5.12c/d,1,,34.18027,-85.81621
120,Sandburger Platter,The Sandtrap > Sand Rock > Alabama,https://www.mountainproject.com/route/107305267/sandburger-platter,2.7,-1,Trad,5.10,1,75.0,34.1804,-85.81700000000001
121,Harvest Moon,The Sandtrap > Sand Rock > Alabama,https://www.mountainproject.com/route/106231768/harvest-moon,2.7,-1,Trad,5.10c/d,1,65.0,34.1804,-85.81700000000001
122,Chimney Approach,Holiday Block > Sand Rock > Alabama,https://www.mountainproject.com/route/107575104/chimney-approach,2.0,-1,Trad,5.5,1,40.0,34.17961,-85.8179
123,Conglomernaut,Turtle Rock > Sand Rock > Alabama,https://www.mountainproject.com/route/106108015/conglomernaut,2.5,-1,Trad,5.10b/c,1,70.0,34.1804,-85.81700000000001
124,Thin's Daddy,The Islands > Sand Rock > Alabama,https://www.mountainproject.com/route/106635362/thins-daddy,2.4,-1,Sport,5.12b,1,30.0,34.1792,-85.81933000000001
125,Slug,Sun Wall > Sand Rock > Alabama,https://www.mountainproject.com/route/108365742/slug,2.5,-1,Trad,5.7,1,70.0,34.180409999999995,-85.81555
126,Fake Plastic Trees,The Islands > Sand Rock > Alabama,https://www.mountainproject.com/route/106939805/fake-plastic-trees,2.2,-1,Sport,5.11c,1,60.0,34.1792,-85.81933000000001
127,Access Denied,Turtle Rock > Sand Rock > Alabama,https://www.mountainproject.com/route/106302929/access-denied,2.5,-1,Sport,5.12b,1,,34.1804,-85.81700000000001
128,Burly Girls,Sun Wall > Sand Rock > Alabama,https://www.mountainproject.com/route/105927906/burly-girls,2.1,-1,Trad,5.7,1,70.0,34.180409999999995,-85.81555
129,Launchitude,Holiday Block > Sand Rock > Alabama,https://www.mountainproject.com/route/111838031/launchitude,2.4,-1,Trad,5.9,1,60.0,34.17961,-85.8179
130,The Prestige,The Pinnacle > Sand Rock > Alabama,https://www.mountainproject.com/route/114782594/the-prestige,2.3,-1,Sport,5.9+,1,45.0,34.17948,-85.81775
131,First Beginning,Fireplace Rock > Sand Rock > Alabama,https://www.mountainproject.com/route/106940778/first-beginning,1.7,-1,"Sport, Boulder",5.7 V0,1,35.0,34.1804,-85.81700000000001
132,unknown 1,Sun Wall > Sand Rock > Alabama,https://www.mountainproject.com/route/108590562/unknown-1,2.4,-1,Trad,5.8+,1,75.0,34.180409999999995,-85.81555
133,Logan's Walk,The Pinnacle > Sand Rock > Alabama,https://www.mountainproject.com/route/114520218/logans-walk,2.5,-1,Trad,5.8,1,50.0,34.17948,-85.81775
134,Lazy Anna,Turtle Rock > Sand Rock > Alabama,https://www.mountainproject.com/route/116087529/lazy-anna,2.5,-1,Sport,5.11c,1,40.0,34.1804,-85.81700000000001
135,Glasstic,Sun Wall > Sand Rock > Alabama,https://www.mountainproject.com/route/106011935/glasstic,2.5,-1,Trad,5.10b/c,1,60.0,34.180409999999995,-85.81555
136,Spooky,Turtle Rock > Sand Rock > Alabama,https://www.mountainproject.com/route/106302915/spooky,2.5,-1,Sport,5.11d,1,,34.1804,-85.81700000000001
137,Tagalongs,Boy Scout Wall > Sand Rock > Alabama,https://www.mountainproject.com/route/116831493/tagalongs,2.1,-1,"Trad, TR",5.7+,1,35.0,34.17985,-85.81742
138,Ale 81,Sun Wall > Sand Rock > Alabama,https://www.mountainproject.com/route/106098895/ale-81,1.8,-1,Sport,5.10c,1,60.0,34.180409999999995,-85.81555
139,Diane,The Pinnacle > Sand Rock > Alabama,https://www.mountainproject.com/route/106102067/diane,2.3,-1,Sport,5.12a,1,50.0,34.17948,-85.81775
140,Hey Y'all -- Watch This!,Sun Wall > Sand Rock > Alabama,https://www.mountainproject.com/route/106795793/hey-yall-watch-this,2.3,-1,Trad,5.8,1,70.0,34.180409999999995,-85.81555
141,Pop Tarts,Sun Wall > Sand Rock > Alabama,https://www.mountainproject.com/route/107207914/pop-tarts,2.3,-1,Trad,5.8,1,40.0,34.180409999999995,-85.81555
142,Sandrewf,Holiday Block > Sand Rock > Alabama,https://www.mountainproject.com/route/110657393/sandrewf,2.3,-1,Trad,5.12b/c PG13,1,50.0,34.17961,-85.8179
143,Alternate Start,The Pinnacle > Sand Rock > Alabama,https://www.mountainproject.com/route/106302956/alternate-start,2.0,-1,Trad,5.9,1,80.0,34.17948,-85.81775
144,"Valdez, The",The Pinnacle > Sand Rock > Alabama,https://www.mountainproject.com/route/106101181/valdez-the,2.0,-1,Trad,5.10c,1,60.0,34.17948,-85.81775
145,Logan's Run,The Pinnacle > Sand Rock > Alabama,https://www.mountainproject.com/route/105961938/logans-run,2.0,-1,Trad,5.10b,1,70.0,34.17948,-85.81775
146,Uphill Battle,New Wall (AKA Kurt Russell Block) > Sand Rock > Alabama,https://www.mountainproject.com/route/116138841/uphill-battle,1.9,-1,Sport,5.5,1,25.0,34.180690000000006,-85.81316
147,Unknown,Sun Wall > Sand Rock > Alabama,https://www.mountainproject.com/route/118029517/unknown,2.0,-1,"Sport, TR",5.9,1,40.0,34.180409999999995,-85.81555
148,Curly,Sun Wall > Sand Rock > Alabama,https://www.mountainproject.com/route/106722744/curly,2.0,-1,"Trad, TR",5.8,1,70.0,34.180409999999995,-85.81555
149,Green Gully,The Pinnacle > Sand Rock > Alabama,https://www.mountainproject.com/route/106048882/green-gully,1.9,-1,Trad,5.10b/c,1,75.0,34.17948,-85.81775
150,Nick of Time,Sun Wall > Sand Rock > Alabama,https://www.mountainproject.com/route/105969886/nick-of-time,2.0,-1,Sport,5.11b/c R,1,50.0,34.180409999999995,-85.81555
151,Neckerchief? Traverse,Boy Scout Wall > Sand Rock > Alabama,https://www.mountainproject.com/route/116832084/neckerchief-traverse,2.0,-1,"Trad, TR",5.6,1,35.0,34.17985,-85.81742
152,Hacienda,Sun Wall > Sand Rock > Alabama,https://www.mountainproject.com/route/114328332/hacienda,2.0,-1,Sport,5.12a,1,70.0,34.180409999999995,-85.81555
153,Wilma,The Flintstone > Sand Rock > Alabama,https://www.mountainproject.com/route/105956444/wilma,2.0,-1,Trad,5.10b/c,1,60.0,34.17889,-85.81983000000001
154,V-Neck,The Sandtrap > Sand Rock > Alabama,https://www.mountainproject.com/route/106231764/v-neck,2.0,-1,Trad,5.9+,1,70.0,34.1804,-85.81700000000001
155,Autumn Regatta,Sun Wall > Sand Rock > Alabama,https://www.mountainproject.com/route/116741596/autumn-regatta,2.0,-1,Trad,5.10c/d,1,80.0,34.180409999999995,-85.81555
156,Liquid Spirit,Sun Wall > Sand Rock > Alabama,https://www.mountainproject.com/route/105930667/liquid-spirit,2.0,-1,Sport,5.12b,1,,34.180409999999995,-85.81555
157,Hairbrained,The Pinnacle > Sand Rock > Alabama,https://www.mountainproject.com/route/107906006/hairbrained,2.0,-1,Trad,5.10,1,100.0,34.17948,-85.81775
158,Shallow Stemming Corner,Turtle Rock > Sand Rock > Alabama,https://www.mountainproject.com/route/106104465/shallow-stemming-corner,2.0,-1,Trad,5.8 PG13,1,40.0,34.1804,-85.81700000000001
159,Danger Noodles,Boy Scout Wall > Sand Rock > Alabama,https://www.mountainproject.com/route/118579310/danger-noodles,2.0,-1,Trad,5.7+,1,,34.17985,-85.81742
160,Changing Landscapes,Sun Wall > Sand Rock > Alabama,https://www.mountainproject.com/route/116620728/changing-landscapes,2.0,-1,Sport,5.11d,1,100.0,34.180409999999995,-85.81555
161,Rant,Sun Wall > Sand Rock > Alabama,https://www.mountainproject.com/route/110657379/rant,2.0,-1,Sport,5.13a,1,60.0,34.180409999999995,-85.81555
162,Abandoned Ship,Sun Wall > Sand Rock > Alabama,https://www.mountainproject.com/route/106319216/abandoned-ship,2.0,-1,Sport,5.12d,1,35.0,34.180409999999995,-85.81555
163,Crucified By Love,Grotto > Sand Rock > Alabama,https://www.mountainproject.com/route/106302996/crucified-by-love,2.0,-1,Sport,5.13a,1,,34.18027,-85.81621
164,Pretty Vacant,Sun Wall > Sand Rock > Alabama,https://www.mountainproject.com/route/107815101/pretty-vacant,2.0,-1,Sport,5.12b/c,1,,34.180409999999995,-85.81555
165,Unknown 2,Sun Wall > Sand Rock > Alabama,https://www.mountainproject.com/route/108657519/unknown-2,2.0,-1,Trad,5.9+,1,75.0,34.180409999999995,-85.81555
166,Fred,The Flintstone > Sand Rock > Alabama,https://www.mountainproject.com/route/105956451/fred,2.0,-1,Trad,5.10b/c,1,60.0,34.17889,-85.81983000000001
167,Fuzzy Logic,The Basement > Sand Rock > Alabama,https://www.mountainproject.com/route/106108726/fuzzy-logic,2.0,-1,Sport,5.12a,1,40.0,34.1804,-85.81700000000001
168,Turtles Tail,Turtle Rock > Sand Rock > Alabama,https://www.mountainproject.com/route/106302903/turtles-tail,2.0,-1,Trad,5.11c/d,1,,34.1804,-85.81700000000001
169,Turtle Soup,Turtle Rock > Sand Rock > Alabama,https://www.mountainproject.com/route/106302907/turtle-soup,2.0,-1,Trad,5.11b/c,1,,34.1804,-85.81700000000001
170,Magical Branding Iron,The Pinnacle > Sand Rock > Alabama,https://www.mountainproject.com/route/106447880/magical-branding-iron,1.5,-1,Trad,5.8,1,80.0,34.17948,-85.81775
171,Escalator,New Wall (AKA Kurt Russell Block) > Sand Rock > Alabama,https://www.mountainproject.com/route/116138845/escalator,1.4,-1,Sport,5.4,1,25.0,34.180690000000006,-85.81316
172,Snuff the Rooster,The Islands > Sand Rock > Alabama,https://www.mountainproject.com/route/108084483/snuff-the-rooster,1.5,-1,Sport,5.10d PG13,1,90.0,34.1792,-85.81933000000001
173,Steel Sky,Sun Wall > Sand Rock > Alabama,https://www.mountainproject.com/route/116708802/steel-sky,1.5,-1,Sport,5.12a/b,1,,34.180409999999995,-85.81555
174,Rodeo Ride,Turtle Rock > Sand Rock > Alabama,https://www.mountainproject.com/route/106302911/rodeo-ride,1.5,-1,Trad,5.10a,1,,34.1804,-85.81700000000001
175,Plate Roof,Jaws Block/West Side Rock > Sand Rock > Alabama,https://www.mountainproject.com/route/105943772/plate-roof,1.0,-1,TR,5.10+,1,50.0,34.1799,-85.81751
176,Open Project,Turtle Rock > Sand Rock > Alabama,https://www.mountainproject.com/route/108049385/open-project,1.0,-1,Sport,5.13+,1,40.0,34.1804,-85.81700000000001
177,Crack in the Sky,Sun Wall > Sand Rock > Alabama,https://www.mountainproject.com/route/106209500/crack-in-the-sky,1.0,-1,Trad,5.10c/d,1,80.0,34.180409999999995,-85.81555
178,Crucifix ( Hollowed Ground ),Grotto > Sand Rock > Alabama,https://www.mountainproject.com/route/106302979/crucifix-hollowed-ground,1.0,-1,Trad,5.11b/c,1,,34.18027,-85.81621
179,The Peanut,The Islands > Sand Rock > Alabama,https://www.mountainproject.com/route/111607012/the-peanut,-1.0,-1,Sport,5.12c,1,,34.1792,-85.81933000000001
180,Little Jerk,The Islands > Sand Rock > Alabama,https://www.mountainproject.com/route/111607023/little-jerk,-1.0,-1,Trad,5.11c/d,1,,34.1792,-85.81933000000001
0,Holy War,Wall of Useless Conflict > Foster Falls > Tennessee,https://www.mountainproject.com/route/108668668/holy-war,3.7,-1,Sport,5.9,1,95.0,35.19166,-85.69914
1,Wristlets,White Wall > Foster Falls > Tennessee,https://www.mountainproject.com/route/105978792/wristlets,3.7,-1,Sport,5.11c/d,1,60.0,35.17953,-85.67775
2,Standing Room Only,Crime Buttress > Foster Falls > Tennessee,https://www.mountainproject.com/route/106617956/standing-room-only,3.6,-1,Sport,5.11a,1,80.0,35.17729,-85.68215
3,Something's Always Wrong,The Right Bunker > Foster Falls > Tennessee,https://www.mountainproject.com/route/107301050/somethings-always-wrong,3.5,-1,Sport,5.10d,1,80.0,35.17907,-85.6792
4,Ruben,Jimmywood > Foster Falls > Tennessee,https://www.mountainproject.com/route/109079486/ruben,3.4,-1,Sport,5.9,1,90.0,35.17715,-85.68247
5,Pillsbury,The Dihedrals > Foster Falls > Tennessee,https://www.mountainproject.com/route/106006449/pillsbury,3.4,-1,Sport,5.11a,1,,35.17879,-85.68004
6,Saturated,Jimmywood > Foster Falls > Tennessee,https://www.mountainproject.com/route/108440738/saturated,3.1,-1,Sport,5.8,1,90.0,35.17715,-85.68247
7,[Redacted],The Right Bunker > Foster Falls > Tennessee,https://www.mountainproject.com/route/105893872/redacted,3.2,-1,Sport,5.12b,1,,35.17907,-85.6792
8,Fish-eyed Fool,The Sanford Wall > Foster Falls > Tennessee,https://www.mountainproject.com/route/105932718/fish-eyed-fool,3.1,-1,Sport,5.10b,1,70.0,35.1768,-85.68394
9,"Rode Hard, Put Up Wet",Rocket Slab > Foster Falls > Tennessee,https://www.mountainproject.com/route/106099640/rode-hard-put-up-wet,3.0,-1,Sport,5.10d,1,60.0,35.17669,-85.6842
10,Narcissism,The Dihedrals > Foster Falls > Tennessee,https://www.mountainproject.com/route/106099676/narcissism,2.9,-1,Sport,5.10b,1,60.0,35.17879,-85.68004
11,Bear Mountain Picnic,Jimmywood > Foster Falls > Tennessee,https://www.mountainproject.com/route/105932699/bear-mountain-picnic,2.8,-1,Sport,5.8+,1,80.0,35.17715,-85.68247
12,Jacob's Ladder,The Red Light District > Foster Falls > Tennessee,https://www.mountainproject.com/route/105892550/jacobs-ladder,2.8,-1,Sport,5.8,1,80.0,35.17702,-85.68673000000001
13,Twist and Shout,The Dihedrals > Foster Falls > Tennessee,https://www.mountainproject.com/route/106099661/twist-and-shout,2.8,-1,Sport,5.9+,1,70.0,35.17879,-85.68004
14,Ankles Away,The Dihedrals > Foster Falls > Tennessee,https://www.mountainproject.com/route/105888384/ankles-away,2.8,-1,Sport,5.9,1,75.0,35.17879,-85.68004
15,Moving Target,So What Area > Foster Falls > Tennessee,https://www.mountainproject.com/route/105892533/moving-target,2.6,-1,Sport,5.9,1,80.0,35.17917,-85.67854
16,Diamond Cutter,Jimmywood > Foster Falls > Tennessee,https://www.mountainproject.com/route/105932712/diamond-cutter,2.6,-1,Sport,5.10c,1,60.0,35.17715,-85.68247
17,Pocket Pool,The Red Light District > Foster Falls > Tennessee,https://www.mountainproject.com/route/106248042/pocket-pool,2.4,-1,Sport,5.9,1,70.0,35.17702,-85.68673000000001
18,Long Slab aka Milk Duds,The Dihedrals > Foster Falls > Tennessee,https://www.mountainproject.com/route/108441605/long-slab-aka-milk-duds,2.4,-1,Sport,5.8,1,65.0,35.17879,-85.68004
19,Miss Scarlet,Jimmywood > Foster Falls > Tennessee,https://www.mountainproject.com/route/105932689/miss-scarlet,2.4,-1,Sport,5.9+,1,60.0,35.17715,-85.68247
20,Satisfaction,White Wall > Foster Falls > Tennessee,https://www.mountainproject.com/route/105978789/satisfaction,3.7,-1,Sport,5.12a,1,60.0,35.17953,-85.67775
21,Rollo,The Sanford Wall > Foster Falls > Tennessee,https://www.mountainproject.com/route/106131678/rollo,2.8,-1,Sport,5.11a,1,45.0,35.1768,-85.68394
22,Miss Prissy,Jimmywood > Foster Falls > Tennessee,https://www.mountainproject.com/route/106098664/miss-prissy,2.3,-1,Sport,5.9,1,60.0,35.17715,-85.68247
23,Mammy,Jimmywood > Foster Falls > Tennessee,https://www.mountainproject.com/route/105892528/mammy,2.2,-1,Sport,5.9,1,60.0,35.17715,-85.68247
24,Premarital Drilling,The Left Bunker > Foster Falls > Tennessee,https://www.mountainproject.com/route/106508340/premarital-drilling,2.1,-1,Sport,5.10b,1,,35.1561,-85.67333
25,Gravity Boots,Rocket Slab > Foster Falls > Tennessee,https://www.mountainproject.com/route/105892543/gravity-boots,2.1,-1,Sport,5.7,1,50.0,35.17669,-85.6842
26,Afterburner,Rocket Slab > Foster Falls > Tennessee,https://www.mountainproject.com/route/105892538/afterburner,2.1,-1,Sport,5.5,1,50.0,35.17669,-85.6842
27,Thieves,Crime Buttress > Foster Falls > Tennessee,https://www.mountainproject.com/route/107585169/thieves,3.6,-1,Sport,5.12a,1,70.0,35.17729,-85.68215
28,Junkyard,The Sanford Wall > Foster Falls > Tennessee,https://www.mountainproject.com/route/106954631/junkyard,2.9,-1,Sport,5.11a,1,50.0,35.1768,-85.68394
29,The Aquittal,White Wall > Foster Falls > Tennessee,https://www.mountainproject.com/route/105978799/the-aquittal,3.4,-1,Sport,5.11b,1,60.0,35.17953,-85.67775
30,Eclipse,The Left Bunker > Foster Falls > Tennessee,https://www.mountainproject.com/route/105935705/eclipse,3.7,-1,Sport,5.12c/d,1,,35.1561,-85.67333
31,Therapist,Rehab Slab > Foster Falls > Tennessee,https://www.mountainproject.com/route/105975893/therapist,2.6,-1,Sport,5.9+,1,60.0,35.1764,-85.68538000000001
32,Supersaturated,Jimmywood > Foster Falls > Tennessee,https://www.mountainproject.com/route/108805957/supersaturated,3.1,-1,Sport,5.10d,1,80.0,35.17715,-85.68247
33,Rolffed,Rehab Slab > Foster Falls > Tennessee,https://www.mountainproject.com/route/105900196/rolffed,2.6,-1,Sport,5.9+,1,60.0,35.1764,-85.68538000000001
34,Timeless Christian Values,The Red Light District > Foster Falls > Tennessee,https://www.mountainproject.com/route/106248023/timeless-christian-values,2.5,-1,Sport,5.9+,1,50.0,35.17702,-85.68673000000001
35,Story of My Life,Jimmywood > Foster Falls > Tennessee,https://www.mountainproject.com/route/111431617/story-of-my-life,3.6,-1,Sport,5.11b,1,80.0,35.17715,-85.68247
36,Mammplitude,The Red Light District > Foster Falls > Tennessee,https://www.mountainproject.com/route/106387236/mammplitude,2.4,-1,Sport,5.10a/b,1,50.0,35.17702,-85.68673000000001
37,Bottled Up Warrior,The Right Bunker > Foster Falls > Tennessee,https://www.mountainproject.com/route/107132491/bottled-up-warrior,3.5,-1,Sport,5.12b,1,65.0,35.17907,-85.6792
38,Dihedral,The Dihedrals > Foster Falls > Tennessee,https://www.mountainproject.com/route/106107619/dihedral,2.7,-1,Trad,5.9,1,75.0,35.17879,-85.68004
39,Finger Puppets,Jimmywood > Foster Falls > Tennessee,https://www.mountainproject.com/route/106926805/finger-puppets,3.1,-1,Sport,5.11a,1,80.0,35.17715,-85.68247
40,Sweet Surrender,Music City/The 5.9 Area > Foster Falls > Tennessee,https://www.mountainproject.com/route/112293152/sweet-surrender,3.5,-1,Sport,5.8,1,,35.18687,-85.70102
41,Rehab,Rehab Slab > Foster Falls > Tennessee,https://www.mountainproject.com/route/105900190/rehab,2.7,-1,Sport,5.10a,1,60.0,35.1764,-85.68538000000001
42,Cold Shoulder,The Red Light District > Foster Falls > Tennessee,https://www.mountainproject.com/route/108881146/cold-shoulder,3.2,-1,Sport,5.10c,1,55.0,35.17702,-85.68673000000001
43,The Hoosier,So What Area > Foster Falls > Tennessee,https://www.mountainproject.com/route/106775569/the-hoosier,3.2,-1,Sport,5.11c,1,45.0,35.17917,-85.67854
44,Vapor Lock,The Red Light District > Foster Falls > Tennessee,https://www.mountainproject.com/route/106654215/vapor-lock,3.5,-1,Sport,5.12a,1,70.0,35.17702,-85.68673000000001
45,Handcuffed,White Wall > Foster Falls > Tennessee,https://www.mountainproject.com/route/105978795/handcuffed,3.6,-1,Sport,5.11d,1,60.0,35.17953,-85.67775
46,Greed,Crime Buttress > Foster Falls > Tennessee,https://www.mountainproject.com/route/105946755/greed,3.7,-1,Sport,5.11d,1,85.0,35.17729,-85.68215
47,Crawdaddy,Main Wall > Foster Falls > Tennessee,https://www.mountainproject.com/route/106107592/crawdaddy,2.2,-1,Sport,5.10a,1,40.0,35.18235,-85.67385999999999
48,Tea and Strumpets,Main Wall > Foster Falls > Tennessee,https://www.mountainproject.com/route/106107605/tea-and-strumpets,2.2,-1,Sport,5.10a,1,40.0,35.18235,-85.67385999999999
49,The Big Empty,The Left Bunker > Foster Falls > Tennessee,https://www.mountainproject.com/route/107131100/the-big-empty,3.7,-1,Sport,5.13b,1,45.0,35.1561,-85.67333
50,It's All Good,Gutbuster Area > Foster Falls > Tennessee,https://www.mountainproject.com/route/105888407/its-all-good,2.6,-1,Sport,5.9+,1,50.0,35.17694,-85.68366
51,[Redacted],The Left Bunker > Foster Falls > Tennessee,https://www.mountainproject.com/route/105935701/redacted,3.4,-1,Sport,5.12d,1,,35.1561,-85.67333
52,Moonscape,Gutbuster Area > Foster Falls > Tennessee,https://www.mountainproject.com/route/106099692/moonscape,2.5,-1,Sport,5.10b,1,40.0,35.17694,-85.68366
53,Abacus,The Right Bunker > Foster Falls > Tennessee,https://www.mountainproject.com/route/112063866/abacus,3.9,-1,Sport,5.13a,1,70.0,35.17907,-85.6792
54,Glass Chamber,The Right Bunker > Foster Falls > Tennessee,https://www.mountainproject.com/route/108501949/glass-chamber,3.5,-1,Sport,5.12d,1,70.0,35.17907,-85.6792
55,Grey Matter,The Sanford Wall > Foster Falls > Tennessee,https://www.mountainproject.com/route/105932750/grey-matter,1.6,-1,Sport,5.9 PG13,1,70.0,35.1768,-85.68394
56,So What,So What Area > Foster Falls > Tennessee,https://www.mountainproject.com/route/106202075/so-what,2.7,-1,Sport,5.11b,1,50.0,35.17917,-85.67854
57,Stun Gun,White Wall > Foster Falls > Tennessee,https://www.mountainproject.com/route/106309114/stun-gun,3.0,-1,Sport,5.12a,1,80.0,35.17953,-85.67775
58,First Offense,White Wall > Foster Falls > Tennessee,https://www.mountainproject.com/route/113878014/first-offense,4.0,-1,Sport,5.12a,1,,35.17953,-85.67775
59,Hurts So Good,Paradox Wall > Foster Falls > Tennessee,https://www.mountainproject.com/route/108468178/hurts-so-good,2.9,-1,Sport,5.10a,1,90.0,35.18688,-85.70023
60,Bad Girls are Good,Paradox Wall > Foster Falls > Tennessee,https://www.mountainproject.com/route/108479564/bad-girls-are-good,3.5,-1,Sport,5.10b,1,90.0,35.18688,-85.70023
61,Framed,Crime Buttress > Foster Falls > Tennessee,https://www.mountainproject.com/route/107360643/framed,3.1,-1,Sport,5.12a,1,,35.17729,-85.68215
62,Kids With Guns,The Dihedrals > Foster Falls > Tennessee,https://www.mountainproject.com/route/108824792/kids-with-guns,3.8,-1,Sport,5.12d,1,65.0,35.17879,-85.68004
63,Witchy Woman,Rocket Slab > Foster Falls > Tennessee,https://www.mountainproject.com/route/106154747/witchy-woman,2.2,-1,Sport,5.10c,1,40.0,35.17669,-85.6842
64,Sibling Rivalry,Wall of Useless Conflict > Foster Falls > Tennessee,https://www.mountainproject.com/route/113602729/sibling-rivalry,2.5,-1,Sport,5.7+,1,50.0,35.19166,-85.69914
65,Slabolisius,The Left Bunker > Foster Falls > Tennessee,https://www.mountainproject.com/route/111855666/slabolisius,2.8,-1,Sport,5.11c/d,1,,35.1561,-85.67333
66,The Young and the Restless,The Red Light District > Foster Falls > Tennessee,https://www.mountainproject.com/route/106954540/the-young-and-the-restless,2.1,-1,Sport,5.9,1,50.0,35.17702,-85.68673000000001
67,Crash Into Me,Music City/The 5.9 Area > Foster Falls > Tennessee,https://www.mountainproject.com/route/108469447/crash-into-me,3.6,-1,Sport,5.11b,1,70.0,35.18687,-85.70102
68,You Big Dummy,The Sanford Wall > Foster Falls > Tennessee,https://www.mountainproject.com/route/110076088/you-big-dummy,3.2,-1,Sport,5.11d,1,50.0,35.1768,-85.68394
69,Mrs. Treated,The Red Light District > Foster Falls > Tennessee,https://www.mountainproject.com/route/106321783/mrs-treated,2.8,-1,Sport,5.11a,1,65.0,35.17702,-85.68673000000001
70,Squeeze the Trigga,The Left Bunker > Foster Falls > Tennessee,https://www.mountainproject.com/route/113431155/squeeze-the-trigga,3.4,-1,Sport,5.13a,1,45.0,35.1561,-85.67333
71,Atrophy,The Dihedrals > Foster Falls > Tennessee,https://www.mountainproject.com/route/107347531/atrophy,2.9,-1,Sport,5.11b/c,1,,35.17879,-85.68004
72,38 Special,Jimmywood > Foster Falls > Tennessee,https://www.mountainproject.com/route/106253491/38-special,1.9,-1,Sport,5.10a,1,50.0,35.17715,-85.68247
73,Wet Willie,Jimmywood > Foster Falls > Tennessee,https://www.mountainproject.com/route/106735995/wet-willie,2.2,-1,Sport,5.9,1,60.0,35.17715,-85.68247
74,Cracking Corona,Gutbuster Area > Foster Falls > Tennessee,https://www.mountainproject.com/route/118817124/cracking-corona,3.5,-1,Trad,5.8,1,120.0,35.17694,-85.68366
75,Foster Child,The Dihedrals > Foster Falls > Tennessee,https://www.mountainproject.com/route/106518426/foster-child,2.3,-1,Sport,5.10d,1,50.0,35.17879,-85.68004
76,Dutch Maiden,The Red Light District > Foster Falls > Tennessee,https://www.mountainproject.com/route/106248014/dutch-maiden,2.0,-1,Sport,5.10a,1,40.0,35.17702,-85.68673000000001
77,"He Said, She Said",Wall of Useless Conflict > Foster Falls > Tennessee,https://www.mountainproject.com/route/111855953/he-said-she-said,2.5,-1,Sport,5.9,2,95.0,35.19166,-85.69914
78,Sport Puppy,Gutbuster Area > Foster Falls > Tennessee,https://www.mountainproject.com/route/111751471/sport-puppy,2.2,-1,Sport,5.8,1,60.0,35.17694,-85.68366
79,The Big One,The Sanford Wall > Foster Falls > Tennessee,https://www.mountainproject.com/route/111776534/the-big-one,3.1,-1,Sport,5.11c,1,45.0,35.1768,-85.68394
80,Skipper,Main Wall > Foster Falls > Tennessee,https://www.mountainproject.com/route/106816051/skipper,2.0,-1,Sport,5.9,1,40.0,35.18235,-85.67385999999999
81,Kill or be Killed,The Right Bunker > Foster Falls > Tennessee,https://www.mountainproject.com/route/107579313/kill-or-be-killed,3.3,-1,Sport,5.13b,1,70.0,35.17907,-85.6792
82,Proposition   One,The Red Light District > Foster Falls > Tennessee,https://www.mountainproject.com/route/108441619/proposition-one,3.3,-1,Sport,5.12c,1,60.0,35.17702,-85.68673000000001
83,Mitch's Bitch,Wall of Useless Conflict > Foster Falls > Tennessee,https://www.mountainproject.com/route/108668686/mitchs-bitch,2.8,-1,Sport,5.10c/d,1,80.0,35.19166,-85.69914
84,Dummkopf,The Right Bunker > Foster Falls > Tennessee,https://www.mountainproject.com/route/107926638/dummkopf,2.6,-1,Sport,5.11+,1,70.0,35.17907,-85.6792
85,Everybody Knows Fire,Dog Boy Village > Foster Falls > Tennessee,https://www.mountainproject.com/route/106103534/everybody-knows-fire,2.6,-1,Sport,5.9+,1,70.0,35.1125,-85.64214
86,Sucker Punch,Wall of Useless Conflict > Foster Falls > Tennessee,https://www.mountainproject.com/route/117061435/sucker-punch,3.0,-1,Sport,5.11a,1,70.0,35.19166,-85.69914
87,Unknown In Red Light District,The Red Light District > Foster Falls > Tennessee,https://www.mountainproject.com/route/107359326/unknown-in-red-light-district,2.9,-1,Sport,5.10a,1,,35.17702,-85.68673000000001
88,The 3 G's,Paradox Wall > Foster Falls > Tennessee,https://www.mountainproject.com/route/108479542/the-3-gs,3.0,-1,Sport,5.10c,1,90.0,35.18688,-85.70023
89,SQF,Wall of Useless Conflict > Foster Falls > Tennessee,https://www.mountainproject.com/route/117061509/sqf,3.0,-1,Sport,5.11b/c,1,95.0,35.19166,-85.69914
90,Atrophy Direct Start,The Dihedrals > Foster Falls > Tennessee,https://www.mountainproject.com/route/119229513/atrophy-direct-start,3.0,-1,Sport,5.12a,1,,35.17879,-85.68004
91,Hidden in Plain Site,Paradox Wall > Foster Falls > Tennessee,https://www.mountainproject.com/route/117927990/hidden-in-plain-site,3.0,-1,Sport,5.10a,1,90.0,35.18688,-85.70023
92,[Redacted],Gutbuster Area > Foster Falls > Tennessee,https://www.mountainproject.com/route/112385105/redacted,2.1,-1,Sport,5.9,1,,35.17694,-85.68366
93,Snake Charmer,Jimmywood > Foster Falls > Tennessee,https://www.mountainproject.com/route/106232985/snake-charmer,2.4,-1,Sport,5.11a,1,40.0,35.17715,-85.68247
94,That Orange Hat,Jimmywood > Foster Falls > Tennessee,https://www.mountainproject.com/route/106232966/that-orange-hat,2.2,-1,Sport,5.10b,1,30.0,35.17715,-85.68247
95,Cock the Hammer,The Left Bunker > Foster Falls > Tennessee,https://www.mountainproject.com/route/113431230/cock-the-hammer,2.7,-1,Sport,5.12d,1,40.0,35.1561,-85.67333
96,Elephant Ears,Music City/The 5.9 Area > Foster Falls > Tennessee,https://www.mountainproject.com/route/112293147/elephant-ears,2.8,-1,Sport,5.10b,1,,35.18687,-85.70102
97,Lay Lady Lay,Music City/The 5.9 Area > Foster Falls > Tennessee,https://www.mountainproject.com/route/108469452/lay-lady-lay,2.8,-1,Sport,5.10a,1,70.0,35.18687,-85.70102
98,Girly Man,Paradox Wall > Foster Falls > Tennessee,https://www.mountainproject.com/route/108469393/girly-man,2.6,-1,Sport,5.11a/b,1,90.0,35.18688,-85.70023
99,On the Side,The Red Light District > Foster Falls > Tennessee,https://www.mountainproject.com/route/106099570/on-the-side,2.1,-1,Trad,5.8,1,50.0,35.17702,-85.68673000000001
100,Tit for Tat,Wall of Useless Conflict > Foster Falls > Tennessee,https://www.mountainproject.com/route/108480351/tit-for-tat,2.6,-1,Sport,5.10d,1,80.0,35.19166,-85.69914
101,Liars,Crime Buttress > Foster Falls > Tennessee,https://www.mountainproject.com/route/110551917/liars,2.7,-1,Sport,5.12c,1,70.0,35.17729,-85.68215
102,Reptile,Snatch Wall > Foster Falls > Tennessee,https://www.mountainproject.com/route/106654234/reptile,2.7,-1,Sport,5.12a,1,80.0,35.18235,-85.67385999999999
103,Golden Girl,Dog Boy Village > Foster Falls > Tennessee,https://www.mountainproject.com/route/106103545/golden-girl,2.2,-1,Sport,5.10c,1,70.0,35.1125,-85.64214
104,Size Matters,The Red Light District > Foster Falls > Tennessee,https://www.mountainproject.com/route/108469460/size-matters,2.3,-1,Sport,5.10b,1,70.0,35.17702,-85.68673000000001
105,Pond Scum,Main Wall > Foster Falls > Tennessee,https://www.mountainproject.com/route/106816035/pond-scum,1.7,-1,Sport,5.10,1,40.0,35.18235,-85.67385999999999
106,Hola bitch,Jimmywood > Foster Falls > Tennessee,https://www.mountainproject.com/route/118628773/hola-bitch,2.5,-1,Sport,5.10d,1,,35.17715,-85.68247
107,Shock and Awe,Wall of Useless Conflict > Foster Falls > Tennessee,https://www.mountainproject.com/route/111888106/shock-and-awe,2.5,-1,Sport,5.11b/c,1,90.0,35.19166,-85.69914
108,Crimp Knob,The Dihedrals > Foster Falls > Tennessee,https://www.mountainproject.com/route/116500530/crimp-knob,2.3,-1,Sport,5.13a,1,65.0,35.17879,-85.68004
109,Dirty Corner,The Left Bunker > Foster Falls > Tennessee,https://www.mountainproject.com/route/112929993/dirty-corner,2.3,-1,Trad,5.8,1,40.0,35.1561,-85.67333
110,La Pistola,Jimmywood > Foster Falls > Tennessee,https://www.mountainproject.com/route/106812927/la-pistola,1.8,-1,Sport,5.12a,1,30.0,35.17715,-85.68247
111,Iron Buns,Crime Buttress > Foster Falls > Tennessee,https://www.mountainproject.com/route/113089564/iron-buns,2.3,-1,Sport,5.11d,1,,35.17729,-85.68215
112,Humane Bomb,Wall of Useless Conflict > Foster Falls > Tennessee,https://www.mountainproject.com/route/108480324/humane-bomb,2.3,-1,Sport,5.11a,1,80.0,35.19166,-85.69914
113,Arete Butler,Jimmywood > Foster Falls > Tennessee,https://www.mountainproject.com/route/105932707/arete-butler,1.6,-1,Sport,5.9,1,70.0,35.17715,-85.68247
114,Wedgie,Jimmywood > Foster Falls > Tennessee,https://www.mountainproject.com/route/106737345/wedgie,1.9,-1,Sport,5.10b/c,1,50.0,35.17715,-85.68247
115,One Hand in my Pocket and the Other on a Stout,The Red Light District > Foster Falls > Tennessee,https://www.mountainproject.com/route/108469466/one-hand-in-my-pocket-and-the-other-on-a-stout,2.2,-1,Sport,5.11b,1,70.0,35.17702,-85.68673000000001
116,Bottom Feeder,White Wall > Foster Falls > Tennessee,https://www.mountainproject.com/route/105893863/bottom-feeder,1.6,-1,Sport,5.12a,1,,35.17953,-85.67775
117,Vividly Grey,Paradox Wall > Foster Falls > Tennessee,https://www.mountainproject.com/route/108668632/vividly-grey,2.0,-1,Sport,5.10a,1,90.0,35.18688,-85.70023
118,You can't email your way into heaven,Jimmywood > Foster Falls > Tennessee,https://www.mountainproject.com/route/113602305/you-cant-email-your-way-into-heaven,2.0,-1,Trad,5.8,1,60.0,35.17715,-85.68247
119,Unknown,Gutbuster Area > Foster Falls > Tennessee,https://www.mountainproject.com/route/109223159/unknown,1.8,-1,Trad,5.6,1,60.0,35.17694,-85.68366
120,Panty Raid,Wall of Useless Conflict > Foster Falls > Tennessee,https://www.mountainproject.com/route/114787182/panty-raid,1.8,-1,Sport,5.9,1,80.0,35.19166,-85.69914
121,Flim Flam,Jimmywood > Foster Falls > Tennessee,https://www.mountainproject.com/route/106232905/flim-flam,1.7,-1,Trad,5.8,1,40.0,35.17715,-85.68247
122,Puss 'n Boots,Wall of Useless Conflict > Foster Falls > Tennessee,https://www.mountainproject.com/route/118028654/puss-n-boots,2.0,-1,Sport,5.11b,1,90.0,35.19166,-85.69914
123,Left Hook,Wall of Useless Conflict > Foster Falls > Tennessee,https://www.mountainproject.com/route/118034541/left-hook,2.0,-1,Sport,5.11a,1,60.0,35.19166,-85.69914
124,Trundle Your Grundle (Fight Club),The Red Light District > Foster Falls > Tennessee,https://www.mountainproject.com/route/116673887/trundle-your-grundle-fight-club,2.0,-1,"Trad, TR",5.9- PG13,1,100.0,35.17702,-85.68673000000001
125,Tom and Jerry,White Wall > Foster Falls > Tennessee,https://www.mountainproject.com/route/113789926/tom-and-jerry,2.0,-1,Sport,5.12d,1,70.0,35.17953,-85.67775
126,"The Big, Empty Eclipse of the Bum Beast",The Left Bunker > Foster Falls > Tennessee,https://www.mountainproject.com/route/113487235/the-big-empty-eclipse-of-the-bum-beast,2.0,-1,Sport,5.13c/d,1,55.0,35.1561,-85.67333
127,Autocratic for the People,The Red Light District > Foster Falls > Tennessee,https://www.mountainproject.com/route/106654222/autocratic-for-the-people,2.0,-1,Sport,5.13b,1,70.0,35.17702,-85.68673000000001
128,Looters,Crime Buttress > Foster Falls > Tennessee,https://www.mountainproject.com/route/113089543/looters,2.0,-1,Sport,5.12a,1,,35.17729,-85.68215
129,Hammerhead,So What Area > Foster Falls > Tennessee,https://www.mountainproject.com/route/113089429/hammerhead,2.0,-1,Sport,5.11a,1,,35.17917,-85.67854
130,Street Crime,Crime Buttress > Foster Falls > Tennessee,https://www.mountainproject.com/route/113089492/street-crime,2.0,-1,Sport,5.11d,1,,35.17729,-85.68215
131,Lynn's Route,The Right Bunker > Foster Falls > Tennessee,https://www.mountainproject.com/route/106006433/lynns-route,1.7,-1,Sport,5.11b,1,,35.17907,-85.6792
132,Earflaps,Jimmywood > Foster Falls > Tennessee,https://www.mountainproject.com/route/107627535/earflaps,1.5,-1,Sport,5.10b,1,30.0,35.17715,-85.68247
133,Community Service,Jimmywood > Foster Falls > Tennessee,https://www.mountainproject.com/route/114504598/community-service,1.3,-1,Trad,5.9 PG13,3,150.0,35.17715,-85.68247
134,Launch Pad,Rocket Slab > Foster Falls > Tennessee,https://www.mountainproject.com/route/106314703/launch-pad,1.2,-1,Sport,5.12,1,45.0,35.17669,-85.6842
135,Cornered Market,The Red Light District > Foster Falls > Tennessee,https://www.mountainproject.com/route/111843613/cornered-market,1.0,-1,Trad,5.8,1,50.0,35.17702,-85.68673000000001
136,Saved By Zeroes,Jimmywood > Foster Falls > Tennessee,https://www.mountainproject.com/route/111788674/saved-by-zeroes,1.0,-1,Trad,5.10c/d,1,80.0,35.17715,-85.68247
137,Right Hook,Wall of Useless Conflict > Foster Falls > Tennessee,https://www.mountainproject.com/route/118034642/right-hook,1.0,-1,Sport,5.11d,1,60.0,35.19166,-85.69914
138,Turnin' Tricks,The Red Light District > Foster Falls > Tennessee,https://www.mountainproject.com/route/111871883/turnin-tricks,1.0,-1,Sport,5.10c,1,60.0,35.17702,-85.68673000000001
139,Reach,So What Area > Foster Falls > Tennessee,https://www.mountainproject.com/route/113089472/reach,1.0,-1,Sport,5.12a/b,1,,35.17917,-85.67854
140,Republican Give Away Program,Paradox Wall > Foster Falls > Tennessee,https://www.mountainproject.com/route/108479577/republican-give-away-program,1.0,-1,Sport,5.11a,1,90.0,35.18688,-85.70023
141,Katana,Music City/The 5.9 Area > Foster Falls > Tennessee,https://www.mountainproject.com/route/113973514/katana,-1.0,-1,Sport,5.12a,1,,35.18687,-85.70102
142,Feet don't fail me now,Music City/The 5.9 Area > Foster Falls > Tennessee,https://www.mountainproject.com/route/112293128/feet-dont-fail-me-now,-1.0,-1,Sport,5.11a/b,1,,35.18687,-85.70102
0,Lemonade,Lizard Wall > Little River Canyon > Alabama,https://www.mountainproject.com/route/112844518/lemonade,3.1,-1,Sport,5.11a,1,,34.3588,-85.67018
1,Robyn's Route,Lizard Wall > Little River Canyon > Alabama,https://www.mountainproject.com/route/113431769/robyns-route,3.8,-1,Sport,5.12b,1,70.0,34.3588,-85.67018
2,Lion,Jungle Gym/Grey Wall > Little River Canyon > Alabama,https://www.mountainproject.com/route/112813371/lion,3.8,-1,Sport,5.12b,1,55.0,34.36605,-85.66144
3,Bitless,The Crazy House > Tourist Wall > Little River Canyon > Alabama,https://www.mountainproject.com/route/112818742/bitless,3.4,-1,Sport,5.11a/b,1,,34.36424,-85.65413000000001
4,Toomsuba,Toomsuba > Little River Canyon > Alabama,https://www.mountainproject.com/route/112797204/toomsuba,3.6,-1,Sport,5.12a,1,,34.364979999999996,-85.66091999999999
5,Long Doug,Lizard Wall > Little River Canyon > Alabama,https://www.mountainproject.com/route/113849862/long-doug,3.9,-1,Sport,5.12d,1,80.0,34.3588,-85.67018
6,Word,The Concave > Little River Canyon > Alabama,https://www.mountainproject.com/route/112396178/word,3.8,-1,Sport,5.13a,1,65.0,34.37859,-85.63084
7,Rocktoberfest,Rocktoberfest > Tourist Wall > Little River Canyon > Alabama,https://www.mountainproject.com/route/112790076/rocktoberfest,3.5,-1,Sport,5.11b,1,,34.36468,-85.65249
8,Cardboard Cowboy,Lizard Wall > Little River Canyon > Alabama,https://www.mountainproject.com/route/113431737/cardboard-cowboy,3.5,-1,Sport,5.12a,1,80.0,34.3588,-85.67018
9,Sodomy,Lizard Wall > Little River Canyon > Alabama,https://www.mountainproject.com/route/114115214/sodomy,3.1,-1,Sport,5.11c,1,57.0,34.3588,-85.67018
10,Bon Voyage,Lizard Wall > Little River Canyon > Alabama,https://www.mountainproject.com/route/112844537/bon-voyage,3.1,-1,Sport,5.11c,1,,34.3588,-85.67018
11,Hooligans,The Concave > Little River Canyon > Alabama,https://www.mountainproject.com/route/112396163/hooligans,3.8,-1,Sport,5.13a/b,1,50.0,34.37859,-85.63084
12,Movie Star,Unshackled > Little River Canyon > Alabama,https://www.mountainproject.com/route/115418955/movie-star,3.7,-1,Sport,5.12b,1,45.0,34.32235,-85.67426
13,Fight Club,Toomsuba > Little River Canyon > Alabama,https://www.mountainproject.com/route/116088893/fight-club,4.0,-1,Sport,5.11d,1,,34.364979999999996,-85.66091999999999
14,Ruhama,Ninja Wall > Little River Canyon > Alabama,https://www.mountainproject.com/route/112787113/ruhama,3.9,-1,Sport,5.11a,1,70.0,34.33722,-85.6725
15,Majosha,Toomsuba > Little River Canyon > Alabama,https://www.mountainproject.com/route/112908683/majosha,3.9,-1,Sport,5.12c,1,60.0,34.364979999999996,-85.66091999999999
16,Silverback,The Concave > Little River Canyon > Alabama,https://www.mountainproject.com/route/112396150/silverback,3.5,-1,Sport,5.13a,1,55.0,34.37859,-85.63084
17,Stealth,Ninja Wall > Little River Canyon > Alabama,https://www.mountainproject.com/route/112787016/stealth,4.0,-1,Sport,5.13a,1,60.0,34.33722,-85.6725
18,Steel Magnolia,Brandnewbia > Little River Canyon > Alabama,https://www.mountainproject.com/route/116089910/steel-magnolia,4.0,-1,Sport,5.12a,1,,34.3577,-85.67626
19,Rumble in the Jungle,Jungle Gym/Grey Wall > Little River Canyon > Alabama,https://www.mountainproject.com/route/112909468/rumble-in-the-jungle,3.9,-1,Sport,5.12c,1,,34.36605,-85.66144
20,Distorto,Lizard Wall > Little River Canyon > Alabama,https://www.mountainproject.com/route/113773239/distorto,3.6,-1,Sport,5.12c,1,,34.3588,-85.67018
21,Obsession,Jungle Gym/Grey Wall > Little River Canyon > Alabama,https://www.mountainproject.com/route/112786074/obsession,2.7,-1,Sport,5.10c,1,,34.36605,-85.66144
22,Porter's Arete,Jungle Gym/Grey Wall > Little River Canyon > Alabama,https://www.mountainproject.com/route/113677727/porters-arete,4.0,-1,Sport,5.12d,1,,34.36605,-85.66144
23,Welcome to Little River,Brandnewbia > Little River Canyon > Alabama,https://www.mountainproject.com/route/116089852/welcome-to-little-river,4.0,-1,Sport,5.11c,1,,34.3577,-85.67626
24,Unshackled,Unshackled > Little River Canyon > Alabama,https://www.mountainproject.com/route/115432938/unshackled,4.0,-1,Sport,5.13b,1,70.0,34.32235,-85.67426
25,Hang Me,Toomsuba > Little River Canyon > Alabama,https://www.mountainproject.com/route/115337335/hang-me,3.9,-1,Sport,5.12d,1,,34.364979999999996,-85.66091999999999
26,Showboat,The Concave > Little River Canyon > Alabama,https://www.mountainproject.com/route/112796416/showboat,3.9,-1,Sport,5.13b,1,55.0,34.37859,-85.63084
27,Katie Brown,Lizard Wall > Little River Canyon > Alabama,https://www.mountainproject.com/route/114115200/katie-brown,3.2,-1,Sport,5.12a,1,57.0,34.3588,-85.67018
28,Short Doug,Lizard Wall > Little River Canyon > Alabama,https://www.mountainproject.com/route/113849832/short-doug,3.5,-1,Sport,5.12c,1,50.0,34.3588,-85.67018
29,Jane,Jungle Gym/Grey Wall > Little River Canyon > Alabama,https://www.mountainproject.com/route/113431703/jane,3.0,-1,Sport,5.12a,1,60.0,34.36605,-85.66144
30,Southern Comfort,The Concave > Little River Canyon > Alabama,https://www.mountainproject.com/route/116783267/southern-comfort,4.0,-1,Sport,5.14a,1,55.0,34.37859,-85.63084
31,Booger,The Concave > Little River Canyon > Alabama,https://www.mountainproject.com/route/112778870/booger,2.8,-1,Sport,5.10d,1,40.0,34.37859,-85.63084
32,Southern Comfort Right,The Concave > Little River Canyon > Alabama,https://www.mountainproject.com/route/116751392/southern-comfort-right,4.0,-1,Sport,5.14a,1,50.0,34.37859,-85.63084
33,Back in the Day,Unshackled > Little River Canyon > Alabama,https://www.mountainproject.com/route/118561614/back-in-the-day,4.0,-1,Sport,5.13d,1,50.0,34.32235,-85.67426
34,Rotten Pillar,Lizard Wall > Little River Canyon > Alabama,https://www.mountainproject.com/route/112844621/rotten-pillar,3.1,-1,Sport,5.11d,1,,34.3588,-85.67018
35,Grace,Grace Falls > Little River Canyon > Alabama,https://www.mountainproject.com/route/114324155/grace,3.8,-1,Sport,5.12a,1,75.0,34.35929,-85.66846
36,Chumbucket,Grace Falls > Little River Canyon > Alabama,https://www.mountainproject.com/route/119184680/chumbucket,4.0,-1,Sport,5.12a,1,90.0,34.35929,-85.66846
37,Egyptian Orgasm,Brandnewbia > Little River Canyon > Alabama,https://www.mountainproject.com/route/119080602/egyptian-orgasm,4.0,-1,Sport,5.12b,1,,34.3577,-85.67626
38,Hot Takka,Unshackled > Little River Canyon > Alabama,https://www.mountainproject.com/route/119745118/hot-takka,4.0,-1,Sport,5.11d,1,60.0,34.32235,-85.67426
39,Take,Toomsuba > Little River Canyon > Alabama,https://www.mountainproject.com/route/116996227/take,3.8,-1,Sport,5.12d,1,,34.364979999999996,-85.66091999999999
40,Double D,Lizard Wall > Little River Canyon > Alabama,https://www.mountainproject.com/route/114152935/double-d,3.8,-1,Sport,5.13a,1,80.0,34.3588,-85.67018
41,Iron Mike,Unshackled > Little River Canyon > Alabama,https://www.mountainproject.com/route/115418990/iron-mike,3.3,-1,Sport,5.12a,1,45.0,34.32235,-85.67426
42,Tangerine,Wave Wall > Little River Canyon > Alabama,https://www.mountainproject.com/route/113447520/tangerine,3.6,-1,Sport,5.12a,1,90.0,34.363890000000005,-85.66332
43,Heart of Darkness,Jungle Gym/Grey Wall > Little River Canyon > Alabama,https://www.mountainproject.com/route/113046183/heart-of-darkness,3.6,-1,Sport,5.12d,1,60.0,34.36605,-85.66144
44,Man Show,The Concave > Little River Canyon > Alabama,https://www.mountainproject.com/route/112396240/man-show,3.7,-1,Sport,5.13d,1,,34.37859,-85.63084
45,Powder Keg,Toomsuba > Little River Canyon > Alabama,https://www.mountainproject.com/route/113878152/powder-keg,3.2,-1,Sport,5.12b,1,50.0,34.364979999999996,-85.66091999999999
46,Straight Jacket,The Crazy House > Tourist Wall > Little River Canyon > Alabama,https://www.mountainproject.com/route/117316614/straight-jacket,3.5,-1,Sport,5.12b,1,,34.36424,-85.65413000000001
47,Double Aught,Toomsuba > Little River Canyon > Alabama,https://www.mountainproject.com/route/113943980/double-aught,3.2,-1,Sport,5.12c,1,55.0,34.364979999999996,-85.66091999999999
48,Caliban,Spider Wall > Little River Canyon > Alabama,https://www.mountainproject.com/route/114324095/caliban,3.5,-1,Sport,5.13-,1,100.0,34.35929,-85.66846
49,Solitary Confinement,The Crazy House > Tourist Wall > Little River Canyon > Alabama,https://www.mountainproject.com/route/114619879/solitary-confinement,3.4,-1,Sport,5.12c,1,,34.36424,-85.65413000000001
50,Troubadour,Grace Falls > Little River Canyon > Alabama,https://www.mountainproject.com/route/114324167/troubadour,3.3,-1,Sport,5.12a,1,80.0,34.35929,-85.66846
51,Cheesecake,Toomsuba > Little River Canyon > Alabama,https://www.mountainproject.com/route/113938702/cheesecake,2.6,-1,Sport,5.9,1,60.0,34.364979999999996,-85.66091999999999
52,ADR,Toomsuba > Little River Canyon > Alabama,https://www.mountainproject.com/route/113431780/adr,2.9,-1,Sport,5.11d,1,50.0,34.364979999999996,-85.66091999999999
53,Boogeyman,Ninja Wall > Little River Canyon > Alabama,https://www.mountainproject.com/route/117898818/boogeyman,3.5,-1,Sport,5.12c/d,1,80.0,34.33722,-85.6725
54,Scissor Kick,Brandnewbia > Little River Canyon > Alabama,https://www.mountainproject.com/route/116089954/scissor-kick,3.5,-1,Sport,5.12b,1,,34.3577,-85.67626
55,Grasshopper,Ninja Wall > Little River Canyon > Alabama,https://www.mountainproject.com/route/112787057/grasshopper,3.1,-1,Sport,5.12a,1,70.0,34.33722,-85.6725
56,Touch of Gray,Jungle Gym/Grey Wall > Little River Canyon > Alabama,https://www.mountainproject.com/route/112786218/touch-of-gray,2.8,-1,Sport,5.11d,1,,34.36605,-85.66144
57,Sickle,Jungle Gym/Grey Wall > Little River Canyon > Alabama,https://www.mountainproject.com/route/112786266/sickle,2.5,-1,Sport,5.11a,1,,34.36605,-85.66144
58,Permatorque,Lizard Wall > Little River Canyon > Alabama,https://www.mountainproject.com/route/114045783/permatorque,3.1,-1,Sport,5.12c,1,,34.3588,-85.67018
59,Lithium,The Crazy House > Tourist Wall > Little River Canyon > Alabama,https://www.mountainproject.com/route/114352130/lithium,3.2,-1,Sport,5.12a,1,,34.36424,-85.65413000000001
60,Spellbound,Toomsuba > Little River Canyon > Alabama,https://www.mountainproject.com/route/116575825/spellbound,3.3,-1,Sport,5.12+,1,45.0,34.364979999999996,-85.66091999999999
61,Tusk,Jungle Gym/Grey Wall > Little River Canyon > Alabama,https://www.mountainproject.com/route/112786298/tusk,3.3,-1,Sport,5.12b,1,,34.36605,-85.66144
62,Escapee,The Crazy House > Tourist Wall > Little River Canyon > Alabama,https://www.mountainproject.com/route/113878088/escapee,3.3,-1,Sport,5.12b,1,60.0,34.36424,-85.65413000000001
63,Out of Africa,Jungle Gym/Grey Wall > Little River Canyon > Alabama,https://www.mountainproject.com/route/112786042/out-of-africa,2.8,-1,Sport,5.11c,1,,34.36605,-85.66144
64,Boy,Jungle Gym/Grey Wall > Little River Canyon > Alabama,https://www.mountainproject.com/route/112813410/boy,2.9,-1,Sport,5.12b,1,,34.36605,-85.66144
65,Dark Star,Lizard Wall > Little River Canyon > Alabama,https://www.mountainproject.com/route/112844651/dark-star,2.9,-1,Sport,5.12b,1,,34.3588,-85.67018
66,Dogtown,Unshackled > Little River Canyon > Alabama,https://www.mountainproject.com/route/115419030/dogtown,2.6,-1,Sport,5.10a,1,40.0,34.32235,-85.67426
67,Buster Brown,Jungle Gym/Grey Wall > Little River Canyon > Alabama,https://www.mountainproject.com/route/112786129/buster-brown,2.3,-1,Sport,5.11b,1,,34.36605,-85.66144
68,Exploding Boy,Unshackled > Little River Canyon > Alabama,https://www.mountainproject.com/route/115461992/exploding-boy,2.8,-1,Sport,5.11b,1,,34.32235,-85.67426
69,Maurice Corner,Lizard Wall > Little River Canyon > Alabama,https://www.mountainproject.com/route/114335213/maurice-corner,2.8,-1,Sport,5.12a,1,70.0,34.3588,-85.67018
70,Estrella Oscura,Lizard Wall > Little River Canyon > Alabama,https://www.mountainproject.com/route/113431729/estrella-oscura,2.8,-1,Sport,5.12b,1,70.0,34.3588,-85.67018
71,Allthea,Lizard Wall > Little River Canyon > Alabama,https://www.mountainproject.com/route/112844549/allthea,2.5,-1,Sport,5.11d,1,,34.3588,-85.67018
72,Vogue,Toomsuba > Little River Canyon > Alabama,https://www.mountainproject.com/route/112819453/vogue,2.3,-1,Sport,5.10a,1,,34.364979999999996,-85.66091999999999
73,Shepatitis,Unshackled > Little River Canyon > Alabama,https://www.mountainproject.com/route/118783637/shepatitis,3.0,-1,Sport,5.10a,1,50.0,34.32235,-85.67426
74,Area of Doubt,Unshackled > Little River Canyon > Alabama,https://www.mountainproject.com/route/115433088/area-of-doubt,3.0,-1,Sport,5.13a,1,50.0,34.32235,-85.67426
75,Crazy Fingers,Lizard Wall > Little River Canyon > Alabama,https://www.mountainproject.com/route/114342307/crazy-fingers,3.0,-1,Sport,5.12a PG13,1,,34.3588,-85.67018
76,Monkey Tails,Jungle Gym/Grey Wall > Little River Canyon > Alabama,https://www.mountainproject.com/route/114978928/monkey-tails,2.8,-1,Sport,5.12b,1,,34.36605,-85.66144
77,Ego East,Jungle Gym/Grey Wall > Little River Canyon > Alabama,https://www.mountainproject.com/route/112786189/ego-east,2.4,-1,Sport,5.11a,1,,34.36605,-85.66144
78,Nurse Ratchet,The Crazy House > Tourist Wall > Little River Canyon > Alabama,https://www.mountainproject.com/route/116741023/nurse-ratchet,3.0,-1,Sport,5.12b,1,50.0,34.36424,-85.65413000000001
79,Gel God,Grace Falls > Little River Canyon > Alabama,https://www.mountainproject.com/route/118876349/gel-god,3.0,-1,Sport,5.12a/b,1,70.0,34.35929,-85.66846
80,Throw,Toomsuba > Little River Canyon > Alabama,https://www.mountainproject.com/route/115337387/throw,3.0,-1,Sport,5.11d,1,,34.364979999999996,-85.66091999999999
81,Cro Magnon,The Concave > Little River Canyon > Alabama,https://www.mountainproject.com/route/112790252/cro-magnon,3.0,-1,Sport,5.13b,1,70.0,34.37859,-85.63084
82,Tarzan,Jungle Gym/Grey Wall > Little River Canyon > Alabama,https://www.mountainproject.com/route/112813393/tarzan,2.7,-1,Sport,5.12b/c,1,55.0,34.36605,-85.66144
83,Word Up,The Concave > Little River Canyon > Alabama,https://www.mountainproject.com/route/118780279/word-up,3.0,-1,Sport,5.13b,1,75.0,34.37859,-85.63084
84,Scorpian Low,The Crazy House > Tourist Wall > Little River Canyon > Alabama,https://www.mountainproject.com/route/113829353/scorpian-low,2.8,-1,Sport,5.7,1,70.0,34.36424,-85.65413000000001
85,Prodigal,Toomsuba > Little River Canyon > Alabama,https://www.mountainproject.com/route/118577553/prodigal,3.0,-1,Sport,5.13d,1,70.0,34.364979999999996,-85.66091999999999
86,Dig It,Unknown Wall > Tourist Wall > Little River Canyon > Alabama,https://www.mountainproject.com/route/118060587/dig-it,3.0,-1,Sport,5.11c,1,75.0,34.36398,-85.65563
87,Millican,Lynn Overlook > Little River Canyon > Alabama,https://www.mountainproject.com/route/118586579/millican,3.0,-1,Sport,5.9+,1,40.0,34.38277,-85.62868
88,Area Unshackled,Unshackled > Little River Canyon > Alabama,https://www.mountainproject.com/route/118309229/area-unshackled,3.0,-1,Sport,5.13b,1,50.0,34.32235,-85.67426
89,Pod Right,The Concave > Little River Canyon > Alabama,https://www.mountainproject.com/route/118778653/pod-right,3.0,-1,Sport,5.12d,1,50.0,34.37859,-85.63084
90,Slip and Slide,Lynn Overlook > Little River Canyon > Alabama,https://www.mountainproject.com/route/118614879/slip-and-slide,3.0,-1,Trad,5.10d,1,100.0,34.38277,-85.62868
91,Thorazine,The Crazy House > Tourist Wall > Little River Canyon > Alabama,https://www.mountainproject.com/route/118803062/thorazine,3.0,-1,Sport,5.11d,1,75.0,34.36424,-85.65413000000001
92,Scorpian,The Crazy House > Tourist Wall > Little River Canyon > Alabama,https://www.mountainproject.com/route/113829364/scorpian,3.0,-1,Sport,5.12a,1,75.0,34.36424,-85.65413000000001
93,Slick Willie,Jungle Gym/Grey Wall > Little River Canyon > Alabama,https://www.mountainproject.com/route/117115362/slick-willie,3.0,-1,Sport,5.11d,1,60.0,34.36605,-85.66144
94,Good Wood,Unknown Wall > Tourist Wall > Little River Canyon > Alabama,https://www.mountainproject.com/route/118183156/good-wood,3.0,-1,Sport,5.11c,1,,34.36398,-85.65563
95,Breakdown,Grace Falls > Little River Canyon > Alabama,https://www.mountainproject.com/route/119058978/breakdown,3.0,-1,Sport,5.12a,1,75.0,34.35929,-85.66846
96,And,Wave Wall > Little River Canyon > Alabama,https://www.mountainproject.com/route/119691023/and,3.0,-1,Sport,5.12b,1,65.0,34.363890000000005,-85.66332
97,Abandon,The Concave > Little River Canyon > Alabama,https://www.mountainproject.com/route/119904416/abandon,3.0,-1,Sport,5.13b/c,1,60.0,34.37859,-85.63084
98,Kin,Lizard Wall > Little River Canyon > Alabama,https://www.mountainproject.com/route/116539956/kin,2.6,-1,Sport,5.11d,1,,34.3588,-85.67018
99,Cedar twist,The Crazy House > Tourist Wall > Little River Canyon > Alabama,https://www.mountainproject.com/route/116689582/cedar-twist,2.7,-1,Sport,5.10c,1,65.0,34.36424,-85.65413000000001
100,Jesse James,Lizard Wall > Little River Canyon > Alabama,https://www.mountainproject.com/route/118645941/jesse-james,2.8,-1,Sport,5.12a,1,70.0,34.3588,-85.67018
101,Demented,The Crazy House > Tourist Wall > Little River Canyon > Alabama,https://www.mountainproject.com/route/117768116/demented,2.8,-1,Sport,5.12-,1,50.0,34.36424,-85.65413000000001
102,Grey Streak,Lizard Wall > Little River Canyon > Alabama,https://www.mountainproject.com/route/112844580/grey-streak,2.3,-1,Sport,5.11d,1,,34.3588,-85.67018
103,Bertha,Lizard Wall > Little River Canyon > Alabama,https://www.mountainproject.com/route/116243008/bertha,2.7,-1,Sport,5.12b,1,,34.3588,-85.67018
104,Totem Pole,The Concave > Little River Canyon > Alabama,https://www.mountainproject.com/route/113431714/totem-pole,2.4,-1,Sport,5.11c,1,40.0,34.37859,-85.63084
105,Asylum,The Crazy House > Tourist Wall > Little River Canyon > Alabama,https://www.mountainproject.com/route/116568126/asylum,2.5,-1,Sport,5.11d,1,50.0,34.36424,-85.65413000000001
106,Slo-lo,Toomsuba > Little River Canyon > Alabama,https://www.mountainproject.com/route/113773209/slo-lo,2.2,-1,Sport,5.11a,1,,34.364979999999996,-85.66091999999999
107,Dave's Corner,Rocktoberfest > Tourist Wall > Little River Canyon > Alabama,https://www.mountainproject.com/route/112818704/daves-corner,2.2,-1,Sport,5.11b/c,1,,34.36468,-85.65249
108,I Don't Have It,Toomsuba > Little River Canyon > Alabama,https://www.mountainproject.com/route/113943953/i-dont-have-it,1.8,-1,Sport,5.10a,1,40.0,34.364979999999996,-85.66091999999999
109,Agent Orange,Lizard Wall > Little River Canyon > Alabama,https://www.mountainproject.com/route/116539945/agent-orange,2.5,-1,Sport,5.13a,1,,34.3588,-85.67018
110,whuuop!,Toomsuba > Little River Canyon > Alabama,https://www.mountainproject.com/route/113773187/whuuop,2.0,-1,Sport,5.11a,1,,34.364979999999996,-85.66091999999999
111,Stella Blue,Lizard Wall > Little River Canyon > Alabama,https://www.mountainproject.com/route/114045687/stella-blue,2.1,-1,Sport,5.11b,1,,34.3588,-85.67018
112,Hueco Route,Rocktoberfest > Tourist Wall > Little River Canyon > Alabama,https://www.mountainproject.com/route/112790096/hueco-route,2.1,-1,Sport,5.12a,1,,34.36468,-85.65249
113,Clementine,Lizard Wall > Little River Canyon > Alabama,https://www.mountainproject.com/route/115419015/clementine,2.3,-1,Sport,5.12a,1,50.0,34.3588,-85.67018
114,Cedar Poke,Lizard Wall > Little River Canyon > Alabama,https://www.mountainproject.com/route/113773151/cedar-poke,1.8,-1,Sport,5.10c,1,,34.3588,-85.67018
115,Combat Zone,Toomsuba > Little River Canyon > Alabama,https://www.mountainproject.com/route/113943950/combat-zone,1.8,-1,Sport,5.11a,1,40.0,34.364979999999996,-85.66091999999999
116,Placebo,The Crazy House > Tourist Wall > Little River Canyon > Alabama,https://www.mountainproject.com/route/115397184/placebo,2.0,-1,Sport,5.11c,1,50.0,34.36424,-85.65413000000001
117,Outpatient,The Crazy House > Tourist Wall > Little River Canyon > Alabama,https://www.mountainproject.com/route/115397151/outpatient,2.0,-1,Sport,5.11d,1,50.0,34.36424,-85.65413000000001
118,Courtesy,Toomsuba > Little River Canyon > Alabama,https://www.mountainproject.com/route/115337431/courtesy,2.0,-1,Sport,5.11d,1,,34.364979999999996,-85.66091999999999
119,Ripple,Lizard Wall > Little River Canyon > Alabama,https://www.mountainproject.com/route/118795393/ripple,2.0,-1,Sport,5.12a,1,60.0,34.3588,-85.67018
120,Isosceles,Toomsuba > Little River Canyon > Alabama,https://www.mountainproject.com/route/115337475/isosceles,2.0,-1,Sport,5.11c,1,,34.364979999999996,-85.66091999999999
121,Dave's Other Corner,Rocktoberfest > Tourist Wall > Little River Canyon > Alabama,https://www.mountainproject.com/route/112818698/daves-other-corner,2.0,-1,Sport,5.11b,1,,34.36468,-85.65249
122,Two Minute Hate,Toomsuba > Little River Canyon > Alabama,https://www.mountainproject.com/route/115337371/two-minute-hate,2.0,-1,Sport,5.12b/c,1,,34.364979999999996,-85.66091999999999
123,Pod,The Concave > Little River Canyon > Alabama,https://www.mountainproject.com/route/118778624/pod,2.0,-1,Sport,5.13a,1,50.0,34.37859,-85.63084
124,Reflex,Toomsuba > Little River Canyon > Alabama,https://www.mountainproject.com/route/115337458/reflex,2.0,-1,Sport,5.12c,1,,34.364979999999996,-85.66091999999999
125,JDR,Jungle Gym/Grey Wall > Little River Canyon > Alabama,https://www.mountainproject.com/route/117115321/jdr,2.0,-1,Sport,5.11d PG13,1,60.0,34.36605,-85.66144
126,Decay,Lizard Wall > Little River Canyon > Alabama,https://www.mountainproject.com/route/116539939/decay,2.0,-1,Sport,5.12d,1,,34.3588,-85.67018
127,Verge of Making Millions,Toomsuba > Little River Canyon > Alabama,https://www.mountainproject.com/route/113943946/verge-of-making-millions,2.0,-1,Sport,5.11b,1,40.0,34.364979999999996,-85.66091999999999
128,Magellan,Lynn Overlook > Little River Canyon > Alabama,https://www.mountainproject.com/route/118608978/magellan,2.0,-1,Sport,5.9+,1,45.0,34.38277,-85.62868
129,Dave and Shep's Wild Ride,Lizard Wall > Little River Canyon > Alabama,https://www.mountainproject.com/route/116725172/dave-and-sheps-wild-ride,2.0,-1,Sport,5.11b,1,,34.3588,-85.67018
130,Carrot,Lynn Overlook > Little River Canyon > Alabama,https://www.mountainproject.com/route/118639789/carrot,2.0,-1,Sport,5.11b,1,65.0,34.38277,-85.62868
131,X,Grace Falls > Little River Canyon > Alabama,https://www.mountainproject.com/route/114324187/x,2.0,-1,Sport,5.13a,1,35.0,34.35929,-85.66846
132,Dogleg,Grace Falls > Little River Canyon > Alabama,https://www.mountainproject.com/route/115337291/dogleg,2.0,-1,Sport,5.12a,1,,34.35929,-85.66846
133,Id,Toomsuba > Little River Canyon > Alabama,https://www.mountainproject.com/route/115337417/id,2.0,-1,Sport,5.12c,1,,34.364979999999996,-85.66091999999999
134,Dune,Wave Wall > Little River Canyon > Alabama,https://www.mountainproject.com/route/119692360/dune,2.0,-1,Sport,5.11a,1,65.0,34.363890000000005,-85.66332
135,Purple Haze,Rocktoberfest > Tourist Wall > Little River Canyon > Alabama,https://www.mountainproject.com/route/119818751/purple-haze,2.0,-1,Sport,5.11c,1,,34.36468,-85.65249
136,Lone Wolf aka Redneck Girls in Love,Unshackled > Little River Canyon > Alabama,https://www.mountainproject.com/route/116848095/lone-wolf-aka-redneck-girls-in-love,1.8,-1,Sport,5.11b,1,,34.32235,-85.67426
137,Green Tag,Rocktoberfest > Tourist Wall > Little River Canyon > Alabama,https://www.mountainproject.com/route/112818694/green-tag,1.5,-1,Sport,5.11c,1,,34.36468,-85.65249
138,Watermelon Poptart,The Concave > Little River Canyon > Alabama,https://www.mountainproject.com/route/116700798/watermelon-poptart,1.5,-1,Trad,5.6 PG13,2,50.0,34.37859,-85.63084
139,Shewelltown,Lizard Wall > Little River Canyon > Alabama,https://www.mountainproject.com/route/116725202/shewelltown,1.0,-1,Sport,5.11b,1,,34.3588,-85.67018
140,Avox,Lizard Wall > Little River Canyon > Alabama,https://www.mountainproject.com/route/116608637/avox,1.0,-1,Sport,5.11d,1,,34.3588,-85.67018
141,Lee Trevino,Lizard Wall > Little River Canyon > Alabama,https://www.mountainproject.com/route/117964031/lee-trevino,-1.0,-1,Sport,5.11c,1,,34.3588,-85.67018
